{"listData":{"headerTitle":"Alexa lists header title","headerSubtitle":"Header subtitle","headerAttributionImage":"https://phoneenglish.es/blog/wp-content/uploads/2021/11/Phone-English-Fotos-2-1024x512.jpg","backgroundImageSource":"https://media.istockphoto.com/id/894058154/es/foto/instrumentos-musical.jpg?s=612x612&w=0&k=20&c=WjTwmZPcFkGuAU7DAjpToSMe5baR8XJvHkyg3jMxkWg=","defaultImageSource":"https://thumbs.dreamstime.com/b/sistema-%C3%A9tnico-de-los-instrumentos-musicales-pandereta-tambor-madera-cepillos-palillos-maracas-y-guitarras-poniendo-en-piso-139580183.jpg","hintText":"Alexa list footer hint text","emptyPrimaryText":"You don´t have any list items","emptySecondaryText":"To get started, tell me the item to add to the list","listItemsToShow":[{"primaryText:":"First list item","secondaryText":"Secondary text","imageSource":"https://img.freepik.com/fotos-premium/fondo-musical-instrumentos-musicales-endecha-plana-concepto-creacion-musical_169016-15780.jpg?w=360","imageProgressBarPercentage":90,"imageShowProgressBar":false},{"primaryText:":"Secondary list item","secondaryText":"Secondary text","tertiaryText":"Tertiary text","imageSource":"https://img.freepik.com/fotos-premium/fondo-musical-instrumentos-musicales-endecha-plana-concepto-creacion-musical_169016-15780.jpg?w=360","providerText":"Provider Text","imageProgressBarPercentage":50},{"primaryText:":"No image, use the default","secondaryText":"Secondary text"},{"primaryText:":"Fourth list item","secondaryText":"No progress bar","imageSource":"https://img.freepik.com/fotos-premium/fondo-musical-instrumentos-musicales-endecha-plana-concepto-creacion-musical_169016-15780.jpg?w=360"},{"primaryText:":"Fifth list item","secondaryText":"With background blur","imageSource":"https://img.freepik.com/fotos-premium/fondo-musical-instrumentos-musicales-endecha-plana-concepto-creacion-musical_169016-15780.jpg?w=360"},{"primaryText:":"Sixth list item (long text that wraps)","secondaryText":"Longer secondary text that truncates","imageSource":"https://img.freepik.com/fotos-premium/fondo-musical-instrumentos-musicales-endecha-plana-concepto-creacion-musical_169016-15780.jpg?w=360"}]}}