{"type":"APL","version":"2023.2","license":"Copyright 2023 Amazon.com, Inc. or its affiliates. All Rights Reserved.\nSPDX-License-Identifier: LicenseRef-.amazon.com.-AmznSL-1.0\nLicensed under the Amazon Software License  http://aws.amazon.com/asl/","settings":{},"theme":"dark","import":[{"name":"alexa-viewport-profiles","version":"1.4.0"}],"resources":[],"styles":{},"onMount":[],"graphics":{},"commands":{},"layouts":{},"mainTemplate":{"parameters":["payload"],"items":[{"type":"Container","height":"100%","width":"100%","justifyContent":"center","alignItems":"center","items":[{"type":"Text","when":"${@viewportProfile != @hubRoundSmall}","text":"We are Not on a small round hub device","color":"yellow","textAlign":"center","fontSize":"100dp","paddingTop":"10dp"},{"type":"Text","when":"${@viewportProfile == @hubRoundSmall}","text":"We Are on a small round hub device","color":"yellow","textAlign":"center","fontSize":"50dp","paddingTop":"10dp"}]}]}}