{"type":"APL","version":"2023.2","license":"Copyright 2023 Amazon.com, Inc. or its affiliates. All Rights Reserved.\nSPDX-License-Identifier: LicenseRef-.amazon.com.-AmznSL-1.0\nLicensed under the Amazon Software License  http://aws.amazon.com/asl/","settings":{},"theme":"dark","import":[{"name":"alexa-layouts","version":"1.7.0"}],"resources":[],"styles":{},"onMount":[],"graphics":{},"commands":{},"layouts":{},"mainTemplate":{"parameters":["payload"],"items":[{"type":"Container","height":"100%","width":"100%","items":[{"type":"AlexaImage","id":"imageComponent","imageSource":"https://phoneenglish.es/blog/wp-content/uploads/2021/11/Phone-English-Fotos-2-1024x512.jpg","imageScale":"none","imageAlignment":"center","imagenRoundedCorner":false,"imageHeight":"100%","imageWidth":"100%"}]}]}}