{
  "interactionModel": {
    "languageModel": {
      "intents": [
        {
          "name": "AMAZON.CancelIntent",
          "samples": [
            "cancelar",
            "cancela"
          ]
        },
        {
          "name": "AMAZON.HelpIntent",
          "samples": [
            "ayuda me",
            "ayuda"
          ]
        },
        {
          "name": "AMAZON.StopIntent",
          "samples": [
            "detente",
            "detener",
            "para",
            "adios"
          ]
        },
        {
          "slots": [
            {
              "name": "instrum",
              "type": "AMAZON.SearchQuery"
            }
          ],
          "name": "informacionInstrumentosIntent",
          "samples": [
            "ver informacion sobre {instrum}",
            "dato curioso sobre {instrum}",
            "mostrar informacion sobre {instrum}",
            "dime informacion sobre {instrum}",
            "que sabes de {instrum}",
            "dime algo sobre {instrum}"
          ]
        },
        {
          "name": "AMAZON.NavigateHomeIntent",
          "samples": []
        }
      ],
      "types": [],
      "invocationName": "los instrumentos"
    }
  }
}