{"headlineTemplateData":{"type":"object","objectId":"headlineSample","properties":{"backgroundImage":{"contentDescription":null,"smallSourceUrl":null,"largeSourceUrl":null,"sources":[{"url":"https://plus.unsplash.com/premium_photo-1664194584355-25196f114804?ixlib=rb-4.0.3&ixid=M3wxMjA3fDB8MHxzZWFyY2h8MXx8Zm9uZG8lMjBkZSUyMHBhbnRhbGxhJTIwZGUlMjBndWl0YXJyYXxlbnwwfHwwfHx8MA%3D%3D&w=1000&q=80","size":"large"}]},"textContent":{"primaryText":{"type":"PlainText","text":"Hola, conoce los instrumentos musicales."}},"logoUrl":"https://img2.freepng.es/20180723/krb/kisspng-logo-brand-angle-black-hair-font-instrumentos-musicales-5b564605669b30.2488490515323806774203.jpg","hintText":"Puedes consultar información sobre los instrumentos","welcomeSpeechSSML":"<speak><amazon:emotion name='excited' intensity='medium'>Welcome to The Daily Plant Facts</amazon:emotion></speak>"},"transformers":[{"inputPath":"welcomeSpeechSSML","transformer":"ssmlToSpeech","outputName":"welcomeSpeech"}]}}