{"type":"APL","version":"2023.1","license":"Copyright 2023 Amazon.com, Inc. or its affiliates. All Rights Reserved.\nSPDX-License-Identifier: LicenseRef-.amazon.com.-AmznSL-1.0\nLicensed under the Amazon Software License  http://aws.amazon.com/asl/","settings":{},"theme":"dark","import":[{"name":"alexa-layouts","version":"1.7.0"}],"resources":[],"styles":{},"onMount":[],"graphics":{},"commands":{},"layouts":{},"mainTemplate":{"parameters":["headlineExampleData"],"items":[{"type":"Container","height":"100%","items":[{"type":"AlexaHeadline","backgroundImageSource":"${headlineExampleData.backgroundImage}","headerAttributionImage":"${headlineExampleData.logoUrl}","primaryText":"${headlineExampleData.textContent.primaryText}","secondaryText":"${headlineExampleData.textContent.secondaryText}","footerHintText":"${headlineExampleData.properties.hintText}"}]}]}}